orden,archivo,linea,almacenamiento,funcion
1,01_rig_face_cloth.c,58,static,rc_add
1,01_rig_face_cloth.c,59,static,rc_sub
1,01_rig_face_cloth.c,60,static,rc_scale
1,01_rig_face_cloth.c,61,static,rc_dot
1,01_rig_face_cloth.c,62,static,rc_cross
1,01_rig_face_cloth.c,65,static,rc_len
1,01_rig_face_cloth.c,66,static,rc_norm
1,01_rig_face_cloth.c,118,extern,rig_cloth_patch_create_grid
1,01_rig_face_cloth.c,186,extern,rig_cloth_pin_add
1,01_rig_face_cloth.c,197,extern,rig_cloth_pin_update_position
1,01_rig_face_cloth.c,206,static,rig_cloth_hash_cell
1,01_rig_face_cloth.c,211,static,rig_cloth_self_collision_resolve
1,01_rig_face_cloth.c,266,static,rig_cloth_capsule_collide_point
1,01_rig_face_cloth.c,286,extern,rig_cloth_step
1,01_rig_face_cloth.c,378,extern,rig_cloth_compute_smooth_normals
1,01_rig_face_cloth.c,407,extern,rig_cloth_save
1,01_rig_face_cloth.c,415,extern,rig_cloth_load
2,02_rig_face_dentition.c,134,extern,rig_dentition_arcade_init_standard
2,02_rig_face_dentition.c,193,static,rig_dent_arch_position
2,02_rig_face_dentition.c,228,static,rig_dent_lerp
2,02_rig_face_dentition.c,230,static,rig_dent_profile_radius
2,02_rig_face_dentition.c,241,static,rig_dent_generate_tooth
2,02_rig_face_dentition.c,417,extern,rig_dentition_generate_arcade
2,02_rig_face_dentition.c,443,extern,rig_dentition_generate_shader
2,02_rig_face_dentition.c,466,extern,rig_dentition_arcade_save
2,02_rig_face_dentition.c,475,extern,rig_dentition_arcade_load
3,03_rig_face_dermal_dynamics.c,96,static,rig_dermal_clamp01
3,03_rig_face_dermal_dynamics.c,102,static,rig_dermal_lerp
3,03_rig_face_dermal_dynamics.c,106,static,rig_dermal_approach
3,03_rig_face_dermal_dynamics.c,115,extern,rig_dermal_state_init
3,03_rig_face_dermal_dynamics.c,142,extern,rig_dermal_update
3,03_rig_face_dermal_dynamics.c,183,static,rig_dermal_wound_stage
3,03_rig_face_dermal_dynamics.c,191,extern,rig_dermal_wound_add
3,03_rig_face_dermal_dynamics.c,206,extern,rig_dermal_wound_eval
3,03_rig_face_dermal_dynamics.c,245,extern,rig_dermal_region_color_delta
3,03_rig_face_dermal_dynamics.c,256,extern,rig_dermal_region_surface
3,03_rig_face_dermal_dynamics.c,270,extern,rig_dermal_wounds_rasterize
3,03_rig_face_dermal_dynamics.c,335,extern,rig_dermal_generate_shader
3,03_rig_face_dermal_dynamics.c,406,extern,rig_dermal_state_save
3,03_rig_face_dermal_dynamics.c,418,extern,rig_dermal_state_load
4,04_rig_face_engine.c,38,static,arena_init
4,04_rig_face_engine.c,56,static,arena_alloc
4,04_rig_face_engine.c,70,static,arena_reset
4,04_rig_face_engine.c,89,static,edge_table_clear
4,04_rig_face_engine.c,99,static,edge_get_or_create
4,04_rig_face_engine.c,156,extern,rig_face_build_base_sphere
4,04_rig_face_engine.c,180,extern,rig_face_subdivide_catmull_clark
4,04_rig_face_engine.c,208,static,radial_influence
4,04_rig_face_engine.c,220,static,phi_deform_axis
4,04_rig_face_engine.c,228,extern,rig_face_apply_cranial_deform
4,04_rig_face_engine.c,266,static,sculpt_sink
4,04_rig_face_engine.c,281,static,sculpt_raise
4,04_rig_face_engine.c,308,static,sculpt_push
4,04_rig_face_engine.c,322,extern,rig_face_sculpt_features
4,04_rig_face_engine.c,418,extern,rig_face_compute_smooth_normals
4,04_rig_face_engine.c,477,extern,rig_face_compute_tangent_basis
4,04_rig_face_engine.c,529,extern,rig_skin_material_from_params
4,04_rig_face_engine.c,583,extern,rig_face_bake_vertex_color
4,04_rig_face_engine.c,631,extern,rig_face_unwrap_uv_seams
4,04_rig_face_engine.c,658,extern,rig_face_export_vbo
4,04_rig_face_engine.c,683,extern,rig_face_export_obj
4,04_rig_face_engine.c,712,extern,rig_face_export_glsl_uniforms
4,04_rig_face_engine.c,741,extern,rig_face_create
4,04_rig_face_engine.c,786,extern,rig_face_destroy
4,04_rig_face_engine.c,793,extern,rig_face_build_neck
4,04_rig_face_engine.c,952,static,facs_compute_zone_centers
4,04_rig_face_engine.c,984,extern,rig_face_build_facs_shapes
4,04_rig_face_engine.c,1040,extern,rig_face_apply_expression
4,04_rig_face_engine.c,1060,extern,rig_face_solve_psd
4,04_rig_face_engine.c,1106,static,bones_from_params
4,04_rig_face_engine.c,1177,static,bone_build_bind
4,04_rig_face_engine.c,1206,extern,rig_face_bind_skeleton
4,04_rig_face_engine.c,1265,static,dq_from_mat4
4,04_rig_face_engine.c,1313,static,dq_transform_point
4,04_rig_face_engine.c,1346,extern,rig_face_skin_dual_quaternion
4,04_rig_face_engine.c,1394,static,raster_tri
4,04_rig_face_engine.c,1458,extern,rig_face_generate_normal_map
4,04_rig_face_engine.c,1478,extern,rig_face_generate_sss_map
4,04_rig_face_engine.c,1501,extern,main
4,04_rig_face_engine.c,1581,extern,main
4,04_rig_face_engine.c,1670,static,_skull_radius
4,04_rig_face_engine.c,1706,extern,rig_face_project_to_skull
4,04_rig_face_engine.c,1808,extern,rig_face_build_neck__v2
4,04_rig_face_engine.c,1899,extern,rig_face_project_to_skull__v2
4,04_rig_face_engine.c,1964,static,arena_init__v2
4,04_rig_face_engine.c,1973,static,arena_alloc__v2
4,04_rig_face_engine.c,1982,static,arena_reset__v2
4,04_rig_face_engine.c,1985,static,edge_table_clear__v2
4,04_rig_face_engine.c,1991,static,edge_get_or_create__v2
4,04_rig_face_engine.c,2025,extern,rig_face_build_base_sphere__v2
4,04_rig_face_engine.c,2048,extern,rig_face_subdivide_catmull_clark__v2
4,04_rig_face_engine.c,2074,extern,rig_face_apply_cranial_deform__v2
4,04_rig_face_engine.c,2112,static,sculpt_sink__v2
4,04_rig_face_engine.c,2123,static,sculpt_raise__v2
4,04_rig_face_engine.c,2146,static,sculpt_push__v2
4,04_rig_face_engine.c,2156,extern,rig_face_sculpt_features__v2
4,04_rig_face_engine.c,2252,extern,rig_face_compute_smooth_normals__v2
4,04_rig_face_engine.c,2311,extern,rig_face_compute_tangent_basis__v2
4,04_rig_face_engine.c,2363,extern,rig_face_bake_vertex_color__v2
4,04_rig_face_engine.c,2411,extern,rig_face_unwrap_uv_seams__v2
4,04_rig_face_engine.c,2436,extern,rig_face_export_glsl_uniforms__v2
4,04_rig_face_engine.c,2465,extern,rig_face_create__v2
4,04_rig_face_engine.c,2508,extern,rig_face_destroy__v2
4,04_rig_face_engine.c,2515,extern,rig_face_build_neck__v3
4,04_rig_face_engine.c,2606,static,facs_compute_zone_centers__v2
4,04_rig_face_engine.c,2634,extern,rig_face_build_facs_shapes__v2
4,04_rig_face_engine.c,2690,extern,rig_face_apply_expression__v2
4,04_rig_face_engine.c,2710,extern,rig_face_solve_psd__v2
4,04_rig_face_engine.c,2753,static,bones_from_params__v2
4,04_rig_face_engine.c,2820,static,bone_build_bind__v2
4,04_rig_face_engine.c,2845,extern,rig_face_bind_skeleton__v2
4,04_rig_face_engine.c,2902,extern,rig_face_skin_dual_quaternion__v2
4,04_rig_face_engine.c,2950,static,raster_tri__v2
4,04_rig_face_engine.c,3010,extern,rig_face_generate_normal_map__v2
4,04_rig_face_engine.c,3030,extern,rig_face_generate_sss_map__v2
4,04_rig_face_engine.c,3051,extern,rig_face_project_to_skull__v3
5,05_rig_face_export_arkit.c,147,static,rig_arkit_clamp01
5,05_rig_face_export_arkit.c,154,extern,rig_arkit_compute
5,05_rig_face_export_arkit.c,217,extern,rig_arkit_export_json
5,05_rig_face_export_arkit.c,242,extern,rig_arkit_frame_save
5,05_rig_face_export_arkit.c,250,extern,rig_arkit_frame_load
6,06_rig_face_export_vrm.c,113,extern,rig_vrm_bonemap_init
6,06_rig_face_export_vrm.c,119,extern,rig_vrm_bonemap_set
6,06_rig_face_export_vrm.c,128,extern,rig_vrm_bonemap_validate
6,06_rig_face_export_vrm.c,146,static,rig_vrm_emit_expression_preset
6,06_rig_face_export_vrm.c,160,extern,rig_vrm_generate_extension_json
6,06_rig_face_export_vrm.c,238,extern,rig_vrm_bonemap_save
6,06_rig_face_export_vrm.c,246,extern,rig_vrm_bonemap_load
7,07_rig_face_eye_vergence.c,52,static,rig_vergence_sub
7,07_rig_face_eye_vergence.c,55,static,rig_vergence_len
7,07_rig_face_eye_vergence.c,58,static,rig_vergence_norm
7,07_rig_face_eye_vergence.c,88,extern,rig_vergence_compute
7,07_rig_face_eye_vergence.c,154,extern,rig_vergence_pupil_radius_mm
7,07_rig_face_eye_vergence.c,189,extern,rig_vergence_generate_shader
7,07_rig_face_eye_vergence.c,223,extern,rig_vergence_sample_save
7,07_rig_face_eye_vergence.c,234,extern,rig_vergence_sample_load
8,08_rig_face_genetics.c,134,static,rig_genetics_xorshift32
8,08_rig_face_genetics.c,143,static,rig_genetics_rand01
8,08_rig_face_genetics.c,147,static,rig_genetics_randn
8,08_rig_face_genetics.c,155,static,rig_genetics_clampf
8,08_rig_face_genetics.c,164,extern,rig_genetics_basis_init
8,08_rig_face_genetics.c,170,extern,rig_genetics_basis_add
8,08_rig_face_genetics.c,184,extern,rig_genetics_inherit
8,08_rig_face_genetics.c,238,static,rig_genetics_compute_mean
8,08_rig_face_genetics.c,248,static,rig_genetics_compute_covariance
8,08_rig_face_genetics.c,275,static,rig_genetics_jacobi_eigen
8,08_rig_face_genetics.c,327,static,rig_genetics_sort_eigen_desc
8,08_rig_face_genetics.c,345,extern,rig_genetics_pca_compute
8,08_rig_face_genetics.c,377,extern,rig_genetics_pca_project
8,08_rig_face_genetics.c,394,extern,rig_genetics_pca_reconstruct
8,08_rig_face_genetics.c,410,extern,rig_genetics_pca_sample_random
8,08_rig_face_genetics.c,434,extern,rig_genetics_basis_save
8,08_rig_face_genetics.c,443,extern,rig_genetics_basis_load
8,08_rig_face_genetics.c,456,extern,rig_genetics_vector_to_text
8,08_rig_face_genetics.c,464,extern,rig_genetics_vector_from_text
9,09_rig_face_hair_growth.c,105,static,rig_hair_xorshift32
9,09_rig_face_hair_growth.c,111,static,rig_hair_rand01
9,09_rig_face_hair_growth.c,114,static,rig_hair_randn
9,09_rig_face_hair_growth.c,119,static,rig_hair_clamp01
9,09_rig_face_hair_growth.c,124,extern,rig_hair_growth_state_init
9,09_rig_face_hair_growth.c,135,extern,rig_hair_follicle_add
9,09_rig_face_hair_growth.c,179,static,rig_hair_advance_one
9,09_rig_face_hair_growth.c,219,extern,rig_hair_growth_update
9,09_rig_face_hair_growth.c,234,extern,rig_hair_graying_fraction
9,09_rig_face_hair_growth.c,266,extern,rig_hair_growth_generate_shader
9,09_rig_face_hair_growth.c,302,extern,rig_hair_growth_save
9,09_rig_face_hair_growth.c,311,extern,rig_hair_growth_load
10,10_rig_face_ng_anim.c,1159,extern,rig_face_ng_anim_generate
10,10_rig_face_ng_anim.c,1479,extern,rig_face_ng_anim_generate__v2
11,11_rig_face_ng_assembly.c,1071,extern,rig_face_ng_generate_html
11,11_rig_face_ng_assembly.c,1404,extern,rig_face_ng_assemble
11,11_rig_face_ng_assembly.c,1427,extern,rig_face_ng_params_default
11,11_rig_face_ng_assembly.c,1487,extern,rig_face_ng_result_free
11,11_rig_face_ng_assembly.c,3145,extern,rig_face_ng_generate_html__v2
11,11_rig_face_ng_assembly.c,3476,extern,rig_face_ng_generate_html__v3
11,11_rig_face_ng_assembly.c,3761,extern,rig_face_ng_params_default__v2
11,11_rig_face_ng_assembly.c,3821,extern,rig_face_ng_result_free__v2
11,11_rig_face_ng_assembly.c,3831,extern,rig_face_ng_generate_html__v4
12,12_rig_face_ng_eyes.c,76,static,clamp
12,12_rig_face_ng_eyes.c,510,static,eye_dynamics_init
12,12_rig_face_ng_eyes.c,525,extern,eye_dynamics_update
12,12_rig_face_ng_eyes.c,609,extern,eye_dynamics_set_gaze
12,12_rig_face_ng_eyes.c,626,extern,rig_face_ng_eye_shader
12,12_rig_face_ng_eyes.c,765,extern,eye_dynamics_init__v2
12,12_rig_face_ng_eyes.c,781,static,eye_dynamics_init__v3
12,12_rig_face_ng_eyes.c,796,extern,eye_dynamics_update__v2
12,12_rig_face_ng_eyes.c,880,extern,eye_dynamics_set_gaze__v2
13,13_rig_face_ng_hair.c,515,static,hair_strand_init
13,13_rig_face_ng_hair.c,575,extern,hair_sim_step
13,13_rig_face_ng_hair.c,698,extern,hair_sim_free
13,13_rig_face_ng_hair.c,714,extern,rig_face_ng_hair_shader
13,13_rig_face_ng_hair.c,3966,static,hair_strand_init__v2
13,13_rig_face_ng_hair.c,4025,extern,hair_sim_step__v2
13,13_rig_face_ng_hair.c,4147,extern,hair_sim_free__v2
13,13_rig_face_ng_hair.c,4159,extern,hair_strand_init__v3
13,13_rig_face_ng_hair.c,4228,static,hair_strand_init__v4
14,14_rig_face_ng_skin.c,744,extern,rig_face_ng_skin_shader
15,15_rig_face_pathtrace_multi.c,122,static,ptv_add
15,15_rig_face_pathtrace_multi.c,123,static,ptv_sub
15,15_rig_face_pathtrace_multi.c,124,static,ptv_scale
15,15_rig_face_pathtrace_multi.c,125,static,ptv_dot
15,15_rig_face_pathtrace_multi.c,126,static,ptv_len
15,15_rig_face_pathtrace_multi.c,127,static,ptv_norm
15,15_rig_face_pathtrace_multi.c,134,extern,rig_pt_mat4_identity
15,15_rig_face_pathtrace_multi.c,140,extern,rig_pt_mat4_trs
15,15_rig_face_pathtrace_multi.c,155,static,rig_pt_mat4_mul_point
15,15_rig_face_pathtrace_multi.c,162,static,rig_pt_mat4_mul_dir
15,15_rig_face_pathtrace_multi.c,172,extern,rig_pt_mat4_inverse
15,15_rig_face_pathtrace_multi.c,199,static,rig_pt_transform_normal
15,15_rig_face_pathtrace_multi.c,212,static,rig_pt_aabb_union
15,15_rig_face_pathtrace_multi.c,223,static,rig_pt_aabb_hit
15,15_rig_face_pathtrace_multi.c,238,static,rig_pt_instance_world_aabb
15,15_rig_face_pathtrace_multi.c,263,extern,rig_pt_scene_init
15,15_rig_face_pathtrace_multi.c,270,extern,rig_pt_scene_add_instance
15,15_rig_face_pathtrace_multi.c,292,extern,rig_pt_scene_add_light
15,15_rig_face_pathtrace_multi.c,305,static,rig_pt_tlas_build_recursive
15,15_rig_face_pathtrace_multi.c,352,extern,rig_pt_scene_build_tlas
15,15_rig_face_pathtrace_multi.c,369,extern,rig_pt_scene_intersect
15,15_rig_face_pathtrace_multi.c,415,extern,rig_pt_scene_occluded
15,15_rig_face_pathtrace_multi.c,454,extern,rig_pt_scene_direct_light
16,16_rig_face_soft_body.c,52,static,rig_sb_add
16,16_rig_face_soft_body.c,53,static,rig_sb_sub
16,16_rig_face_soft_body.c,54,static,rig_sb_scale
16,16_rig_face_soft_body.c,55,static,rig_sb_len
16,16_rig_face_soft_body.c,85,extern,rig_softbody_init
16,16_rig_face_soft_body.c,91,extern,rig_softbody_region_add
16,16_rig_face_soft_body.c,117,extern,rig_softbody_region_add_preset_chest
16,16_rig_face_soft_body.c,124,extern,rig_softbody_region_add_preset_glute
16,16_rig_face_soft_body.c,131,extern,rig_softbody_region_add_preset_belly
16,16_rig_face_soft_body.c,137,extern,rig_softbody_region_add_preset_cheek
16,16_rig_face_soft_body.c,144,extern,rig_softbody_region_add_preset_upper_arm
16,16_rig_face_soft_body.c,164,extern,rig_softbody_update
16,16_rig_face_soft_body.c,227,extern,rig_softbody_eval_vertex_offset
16,16_rig_face_soft_body.c,253,extern,rig_softbody_save
16,16_rig_face_soft_body.c,262,extern,rig_softbody_load
17,17_rig_face_sovereign_audio.c,23,static,clampf
17,17_rig_face_sovereign_audio.c,67,extern,rig_sov_phoneme_ipa
17,17_rig_face_sovereign_audio.c,69,static,next_pow2
17,17_rig_face_sovereign_audio.c,70,static,fft
17,17_rig_face_sovereign_audio.c,73,static,features
17,17_rig_face_sovereign_audio.c,78,static,classify
17,17_rig_face_sovereign_audio.c,80,static,track_push
17,17_rig_face_sovereign_audio.c,82,extern,rig_sov_audio_to_phonemes
17,17_rig_face_sovereign_audio.c,84,extern,rig_sov_phoneme_track_write_csv
17,17_rig_face_sovereign_audio.c,85,extern,rig_sov_phoneme_track_free
18,18_rig_face_suite_compat.c,18,static,dup_printf
18,18_rig_face_suite_compat.c,37,extern,ws_broadcastf
18,18_rig_face_suite_compat.c,49,extern,rigart_art_compositor
18,18_rig_face_suite_compat.c,67,extern,rigart_art_canvas_gen
19,19_rig_face_voice_synth.c,119,static,rig_voice_xorshift32
19,19_rig_face_voice_synth.c,123,static,rig_voice_rand_bipolar
19,19_rig_face_voice_synth.c,130,extern,rig_voice_script_init
19,19_rig_face_voice_synth.c,138,extern,rig_voice_script_add_phoneme
19,19_rig_face_voice_synth.c,148,extern,rig_voice_script_add_pitch_key
19,19_rig_face_voice_synth.c,157,static,rig_voice_f0_at
19,19_rig_face_voice_synth.c,179,static,rig_voice_formant_process
19,19_rig_face_voice_synth.c,202,extern,rig_voice_synthesize
19,19_rig_face_voice_synth.c,300,static,rig_voice_write_u32le
19,19_rig_face_voice_synth.c,304,static,rig_voice_write_u16le
19,19_rig_face_voice_synth.c,309,extern,rig_voice_write_wav
19,19_rig_face_voice_synth.c,347,extern,rig_voice_script_save
19,19_rig_face_voice_synth.c,355,extern,rig_voice_script_load
20,20_rig_face_archetypes.c,59,static,iris_blue_green
20,20_rig_face_archetypes.c,73,static,iris_brown_dark
20,20_rig_face_archetypes.c,87,static,iris_amber_hazel
20,20_rig_face_archetypes.c,101,static,iris_midnight
20,20_rig_face_archetypes.c,116,static,ear_default
20,20_rig_face_archetypes.c,133,static,lip_neutral
20,20_rig_face_archetypes.c,162,static,init_archetypes
20,20_rig_face_archetypes.c,945,extern,rig_archetype_get
20,20_rig_face_archetypes.c,952,extern,rig_archetype_category_name
20,20_rig_face_archetypes.c,962,extern,rig_archetype_blend_params
20,20_rig_face_archetypes.c,983,extern,rig_archetype_list_all
20,20_rig_face_archetypes.c,1005,extern,rig_archetype_search
20,20_rig_face_archetypes.c,1019,extern,rig_face_from_archetype_v1
20,20_rig_face_archetypes.c,1036,static,init_archetypes__v2
20,20_rig_face_archetypes.c,1815,extern,rig_archetype_list_all__v2
21,21_rig_face_codegen.c,25,static,cg_timestamp
21,21_rig_face_codegen.c,40,extern,rig_codegen_params
21,21_rig_face_codegen.c,141,extern,rig_codegen_rigscript_face
21,21_rig_face_codegen.c,277,extern,rig_codegen_archetype
21,21_rig_face_codegen.c,349,extern,rig_codegen_glsl_skin_shader
21,21_rig_face_codegen.c,506,extern,rig_codegen_all_archetypes_header
21,21_rig_face_codegen.c,556,extern,rig_codegen_makefile
21,21_rig_face_codegen.c,613,extern,rig_codegen_mesh_v2
21,21_rig_face_codegen.c,701,static,cg_timestamp__v2
22,22_rig_face_sovereign_body.c,23,static,v3
22,22_rig_face_sovereign_body.c,24,static,add3
22,22_rig_face_sovereign_body.c,25,static,sub3
22,22_rig_face_sovereign_body.c,26,static,mul3
22,22_rig_face_sovereign_body.c,27,static,dot3
22,22_rig_face_sovereign_body.c,28,static,cross3
22,22_rig_face_sovereign_body.c,29,static,len3
22,22_rig_face_sovereign_body.c,30,static,norm3
22,22_rig_face_sovereign_body.c,31,static,clampf
22,22_rig_face_sovereign_body.c,33,static,inverse_translation
22,22_rig_face_sovereign_body.c,35,extern,rig_sov_body_default_params
22,22_rig_face_sovereign_body.c,43,static,set_joint
22,22_rig_face_sovereign_body.c,59,static,build_skeleton
22,22_rig_face_sovereign_body.c,93,static,skin_single
22,22_rig_face_sovereign_body.c,94,static,skin_pair
22,22_rig_face_sovereign_body.c,96,static,append_ellipsoid
22,22_rig_face_sovereign_body.c,117,static,append_capsule
22,22_rig_face_sovereign_body.c,133,static,append_torso
22,22_rig_face_sovereign_body.c,154,extern,rig_sov_generate_complete_body
22,22_rig_face_sovereign_body.c,191,extern,rig_sov_generate_head_from_reconstruction
23,23_rig_face_sovereign_core.c,26,static,v3
23,23_rig_face_sovereign_core.c,27,static,v3_add
23,23_rig_face_sovereign_core.c,28,static,v3_sub
23,23_rig_face_sovereign_core.c,29,static,v3_scale
23,23_rig_face_sovereign_core.c,30,static,v3_dot
23,23_rig_face_sovereign_core.c,31,static,v3_cross
23,23_rig_face_sovereign_core.c,34,static,v3_len
23,23_rig_face_sovereign_core.c,35,static,v3_norm
23,23_rig_face_sovereign_core.c,37,static,checked_mul_size
23,23_rig_face_sovereign_core.c,44,extern,rig_sov_error_string
23,23_rig_face_sovereign_core.c,58,extern,rig_sov_mesh_init
23,23_rig_face_sovereign_core.c,62,extern,rig_sov_mesh_free
23,23_rig_face_sovereign_core.c,75,extern,rig_sov_mesh_reserve
23,23_rig_face_sovereign_core.c,105,extern,rig_sov_mesh_append_vertex
23,23_rig_face_sovereign_core.c,117,extern,rig_sov_mesh_append_triangle
23,23_rig_face_sovereign_core.c,127,extern,rig_sov_mesh_compute_normals
23,23_rig_face_sovereign_core.c,143,extern,rig_sov_mesh_validate
23,23_rig_face_sovereign_core.c,182,static,edge_mid_get
23,23_rig_face_sovereign_core.c,203,extern,rig_sov_mesh_subdivide
23,23_rig_face_sovereign_core.c,228,extern,rig_sov_mesh_write_obj
23,23_rig_face_sovereign_core.c,242,static,ppm_token
23,23_rig_face_sovereign_core.c,252,extern,rig_sov_image_load
23,23_rig_face_sovereign_core.c,269,extern,rig_sov_image_save_ppm
23,23_rig_face_sovereign_core.c,279,extern,rig_sov_image_free
23,23_rig_face_sovereign_core.c,281,static,rd16
23,23_rig_face_sovereign_core.c,282,static,rd32
23,23_rig_face_sovereign_core.c,284,extern,rig_sov_audio_load_wav
23,23_rig_face_sovereign_core.c,298,extern,rig_sov_audio_free
23,23_rig_face_sovereign_core.c,300,static,rng_step
23,23_rig_face_sovereign_core.c,301,static,rng_signed
23,23_rig_face_sovereign_core.c,302,static,sigmoidf_safe
23,23_rig_face_sovereign_core.c,304,extern,rig_sov_mlp_init
23,23_rig_face_sovereign_core.c,305,extern,rig_sov_mlp_free
23,23_rig_face_sovereign_core.c,307,extern,rig_sov_mlp_infer
23,23_rig_face_sovereign_core.c,309,extern,rig_sov_mlp_train
24,24_rig_face_sovereign_gltf.c,22,static,blob_reserve
24,24_rig_face_sovereign_gltf.c,23,static,blob_add
24,24_rig_face_sovereign_gltf.c,24,static,blob_zero_align
24,24_rig_face_sovereign_gltf.c,25,static,text_reserve
24,24_rig_face_sovereign_gltf.c,26,static,textf
24,24_rig_face_sovereign_gltf.c,27,static,json_string
24,24_rig_face_sovereign_gltf.c,28,static,wr32
24,24_rig_face_sovereign_gltf.c,30,extern,rig_sov_export_glb
25,25_rig_face_sovereign_vision.c,19,static,clampf
25,25_rig_face_sovereign_vision.c,20,static,gray_at
25,25_rig_face_sovereign_vision.c,26,static,build_skin_net
25,25_rig_face_sovereign_vision.c,41,static,skin_pixel
25,25_rig_face_sovereign_vision.c,51,static,make_template
25,25_rig_face_sovereign_vision.c,62,static,grad_mag
25,25_rig_face_sovereign_vision.c,64,extern,rig_sov_detect_landmarks
25,25_rig_face_sovereign_vision.c,88,static,patch_error
25,25_rig_face_sovereign_vision.c,90,extern,rig_sov_track_landmarks
25,25_rig_face_sovereign_vision.c,98,static,dist2
25,25_rig_face_sovereign_vision.c,99,extern,rig_sov_reconstruct_face
25,25_rig_face_sovereign_vision.c,103,static,csv_landmarks
25,25_rig_face_sovereign_vision.c,105,extern,rig_sov_track_manifest
26,26_rig_face_sovereign_camera.c,37,static,xioctl
26,26_rig_face_sovereign_camera.c,38,static,clip8
26,26_rig_face_sovereign_camera.c,39,static,yuyv_to_rgb
26,26_rig_face_sovereign_camera.c,41,extern,rig_sov_camera_open
26,26_rig_face_sovereign_camera.c,43,extern,rig_sov_camera_read
26,26_rig_face_sovereign_camera.c,45,extern,rig_sov_camera_close
26,26_rig_face_sovereign_camera.c,49,extern,rig_sov_camera_open
26,26_rig_face_sovereign_camera.c,50,extern,rig_sov_camera_read
26,26_rig_face_sovereign_camera.c,51,extern,rig_sov_camera_close
26,26_rig_face_sovereign_camera.c,54,extern,rig_sov_camera_track
27,27_rig_face_recon_bridge.c,43,static,rb_clamp
27,27_rig_face_recon_bridge.c,44,static,rb_lerp
27,27_rig_face_recon_bridge.c,73,extern,rig_face_invert_chromophores
27,27_rig_face_recon_bridge.c,148,extern,rig_face_estimate_age
27,27_rig_face_recon_bridge.c,182,extern,rig_face_estimate_gender
27,27_rig_face_recon_bridge.c,214,extern,rig_face_params_from_recon
27,27_rig_face_recon_bridge.c,375,extern,rig_face_nearest_archetype
27,27_rig_face_recon_bridge.c,418,extern,rig_face_from_image
28,28_rig_face_sovereign_pathtrace.c,29,static,v3
28,28_rig_face_sovereign_pathtrace.c,30,static,add
28,28_rig_face_sovereign_pathtrace.c,31,static,sub
28,28_rig_face_sovereign_pathtrace.c,32,static,mul
28,28_rig_face_sovereign_pathtrace.c,33,static,had
28,28_rig_face_sovereign_pathtrace.c,34,static,dot
28,28_rig_face_sovereign_pathtrace.c,35,static,cross
28,28_rig_face_sovereign_pathtrace.c,36,static,len
28,28_rig_face_sovereign_pathtrace.c,37,static,norm
28,28_rig_face_sovereign_pathtrace.c,38,static,reflect3
28,28_rig_face_sovereign_pathtrace.c,39,static,clampf
28,28_rig_face_sovereign_pathtrace.c,40,static,box_empty
28,28_rig_face_sovereign_pathtrace.c,41,static,box_add
28,28_rig_face_sovereign_pathtrace.c,42,static,tri_box
28,28_rig_face_sovereign_pathtrace.c,43,static,tri_centroid
28,28_rig_face_sovereign_pathtrace.c,44,static,box_union
28,28_rig_face_sovereign_pathtrace.c,47,static,cmp_tri
28,28_rig_face_sovereign_pathtrace.c,48,static,node_new
28,28_rig_face_sovereign_pathtrace.c,49,static,bvh_build_node
28,28_rig_face_sovereign_pathtrace.c,50,static,bvh_init
28,28_rig_face_sovereign_pathtrace.c,51,static,bvh_free
28,28_rig_face_sovereign_pathtrace.c,53,static,box_hit
28,28_rig_face_sovereign_pathtrace.c,54,static,tri_hit
28,28_rig_face_sovereign_pathtrace.c,55,static,bvh_hit
28,28_rig_face_sovereign_pathtrace.c,57,static,rng64
28,28_rig_face_sovereign_pathtrace.c,58,static,rnd
28,28_rig_face_sovereign_pathtrace.c,59,static,random_unit
28,28_rig_face_sovereign_pathtrace.c,60,static,cosine_dir
28,28_rig_face_sovereign_pathtrace.c,61,static,environment
28,28_rig_face_sovereign_pathtrace.c,62,static,shadowed
28,28_rig_face_sovereign_pathtrace.c,64,static,trace
28,28_rig_face_sovereign_pathtrace.c,69,extern,rig_sov_pt_scene_init
28,28_rig_face_sovereign_pathtrace.c,70,extern,rig_sov_pt_scene_free
28,28_rig_face_sovereign_pathtrace.c,72,extern,rig_sov_pathtrace
29,29_rig_face_v2.c,46,static,v2_noise
29,29_rig_face_v2.c,59,static,v2_snoise
29,29_rig_face_v2.c,68,static,v2_simplex
29,29_rig_face_v2.c,85,extern,rig_face_v2_create
29,29_rig_face_v2.c,125,extern,rig_face_v2_from_archetype
29,29_rig_face_v2.c,159,extern,rig_face_v2_destroy
29,29_rig_face_v2.c,180,extern,rig_face_build_pore_system
29,29_rig_face_v2.c,238,extern,rig_face_build_vascular_tree
29,29_rig_face_v2.c,277,extern,rig_face_build_wrinkle_lines
29,29_rig_face_v2.c,330,extern,rig_face_v2_export_vbo
29,29_rig_face_v2.c,347,extern,rig_age_apply_to_mesh
29,29_rig_face_v2.c,395,extern,rig_iris_default
29,29_rig_face_v2.c,418,extern,rig_iris_from_params
29,29_rig_face_v2.c,423,extern,rig_face_build_iris_geometry
29,29_rig_face_v2.c,433,extern,rig_face_bake_iris_texture
29,29_rig_face_v2.c,466,extern,rig_iris_set_pupil_dilation
29,29_rig_face_v2.c,474,extern,rig_ear_default_params
29,29_rig_face_v2.c,489,extern,rig_face_build_ear_geometry
29,29_rig_face_v2.c,536,extern,rig_face_attach_ears
29,29_rig_face_v2.c,543,extern,rig_lip_default_params
29,29_rig_face_v2.c,564,extern,rig_face_sculpt_lips_v2
29,29_rig_face_v2.c,582,extern,rig_face_bake_lip_color_map
29,29_rig_face_v2.c,606,extern,rig_age_progression_create
29,29_rig_face_v2.c,621,extern,rig_age_interpolate
29,29_rig_face_v2.c,631,extern,rig_face_bake_pore_normal_map
29,29_rig_face_v2.c,636,extern,rig_face_bake_vascular_map
29,29_rig_face_v2.c,641,extern,rig_face_bake_wrinkle_normal_map
29,29_rig_face_v2.c,647,extern,rig_face_v2_export_obj
29,29_rig_face_v2.c,702,static,_hash2
29,29_rig_face_v2.c,715,static,_vertex_region
29,29_rig_face_v2.c,745,extern,rig_face_build_follicle_map
29,29_rig_face_v2.c,891,static,fc_clamp
29,29_rig_face_v2.c,898,static,fc_lerp
29,29_rig_face_v2.c,903,static,fc_smoothstep
29,29_rig_face_v2.c,981,extern,rig_face_v2_hair_gen
29,29_rig_face_v2.c,1167,extern,rig_face_v2_eye_shader
29,29_rig_face_v2.c,1332,extern,rig_face_v2_lash_geo
29,29_rig_face_v2.c,1390,extern,rig_face_v2_mouth_geo
29,29_rig_face_v2.c,1516,extern,rig_face_v2_teeth_geo
29,29_rig_face_v2.c,1522,extern,rig_face_v2_tongue_shader
29,29_rig_face_v2.c,1548,extern,rig_face_v2_anim_fsm
29,29_rig_face_v2.c,1708,extern,rig_face_v2_skin_shader
29,29_rig_face_v2.c,1915,extern,rig_face_v2_eyebrow_gen
29,29_rig_face_v2.c,1984,extern,rig_face_v2_beard_gen
29,29_rig_face_v2.c,2059,extern,rig_face_v2_ear_nose_geo
29,29_rig_face_v2.c,2133,extern,rig_face_v2_age_deformer
29,29_rig_face_v2.c,2219,extern,rig_face_v2_makeup_shader
29,29_rig_face_v2.c,2367,extern,rig_face_v2_moisture_shader
29,29_rig_face_v2.c,2432,extern,rig_face_v2_expression_blend
29,29_rig_face_v2.c,2513,extern,rig_face_v2_phoneme_blend
29,29_rig_face_v2.c,2601,extern,rig_face_v2_assembly
29,29_rig_face_v2.c,3207,static,b4_f
29,29_rig_face_v2.c,3219,static,b4_i
29,29_rig_face_v2.c,3231,static,b4_b
29,29_rig_face_v2.c,3247,static,b4_str
29,29_rig_face_v2.c,3268,extern,rigart_face_session_v2_init
29,29_rig_face_v2.c,3279,extern,rigart_face_session_v2_destroy
29,29_rig_face_v2.c,3286,extern,rigart_face_v2_dispatch
29,29_rig_face_v2.c,3585,extern,rigart_renderer_html_v4
29,29_rig_face_v2.c,3867,extern,rig_face_v2_mouth_geo__v2
29,29_rig_face_v2.c,3994,static,fc_lerp__v2
29,29_rig_face_v2.c,3997,static,fc_smoothstep__v2
29,29_rig_face_v2.c,4003,static,v2_noise__v2
29,29_rig_face_v2.c,4013,extern,rig_face_v2_create__v2
29,29_rig_face_v2.c,4051,extern,rig_face_v2_destroy__v2
29,29_rig_face_v2.c,4072,extern,rig_face_build_pore_system__v2
29,29_rig_face_v2.c,4132,extern,rig_face_build_vascular_tree__v2
29,29_rig_face_v2.c,4173,extern,rig_face_build_wrinkle_lines__v2
29,29_rig_face_v2.c,4228,extern,rig_age_apply_to_mesh__v2
29,29_rig_face_v2.c,4278,extern,rig_face_build_iris_geometry__v2
29,29_rig_face_v2.c,4290,extern,rig_face_bake_iris_texture__v2
29,29_rig_face_v2.c,4325,extern,rig_iris_set_pupil_dilation__v2
29,29_rig_face_v2.c,4335,extern,rig_face_build_ear_geometry__v2
29,29_rig_face_v2.c,4384,extern,rig_face_attach_ears__v2
29,29_rig_face_v2.c,4393,extern,rig_face_sculpt_lips_v2__v2
29,29_rig_face_v2.c,4413,extern,rig_face_bake_lip_color_map__v2
29,29_rig_face_v2.c,4439,extern,rig_face_bake_pore_normal_map__v2
29,29_rig_face_v2.c,4447,extern,rig_face_bake_vascular_map__v2
29,29_rig_face_v2.c,4455,extern,rig_face_bake_wrinkle_normal_map__v2
29,29_rig_face_v2.c,4463,extern,rig_face_build_follicle_map__v2
29,29_rig_face_v2.c,4577,extern,rig_face_build_ear_geometry__v3
30,30_rig_face_v2_bridge.c,27,static,b4_f
30,30_rig_face_v2_bridge.c,39,static,b4_i
30,30_rig_face_v2_bridge.c,51,static,b4_b
30,30_rig_face_v2_bridge.c,67,static,b4_str
30,30_rig_face_v2_bridge.c,89,extern,rigart_face_session_v2_init
30,30_rig_face_v2_bridge.c,101,extern,rigart_face_session_v2_destroy
30,30_rig_face_v2_bridge.c,109,extern,rigart_face_v2_dispatch
30,30_rig_face_v2_bridge.c,409,extern,rigart_renderer_html_v4
30,30_rig_face_v2_bridge.c,688,extern,rigart_renderer_html_v4__v2
30,30_rig_face_v2_bridge.c,961,static,b4_str__v2
30,30_rig_face_v2_bridge.c,979,extern,rigart_face_session_v2_init__v2
30,30_rig_face_v2_bridge.c,991,extern,rigart_face_session_v2_destroy__v2
30,30_rig_face_v2_bridge.c,999,extern,rigart_face_v2_dispatch__v2
31,31_rig_face_sovereign_cli.c,21,static,join_path
31,31_rig_face_sovereign_cli.c,22,static,pixel
31,31_rig_face_sovereign_cli.c,23,static,ellipse
31,31_rig_face_sovereign_cli.c,24,static,synthetic_face
31,31_rig_face_sovereign_cli.c,26,extern,rig_sov_selftest
31,31_rig_face_sovereign_cli.c,125,static,usage
31,31_rig_face_sovereign_cli.c,136,extern,main
32,32_rig_face_pose_body_suite.c,21,static,suite_mkdir
32,32_rig_face_pose_body_suite.c,28,static,suite_path
32,32_rig_face_pose_body_suite.c,36,static,suite_write_text
32,32_rig_face_pose_body_suite.c,47,static,suite_write_ng_result
32,32_rig_face_pose_body_suite.c,55,extern,rig_suite_default_options
32,32_rig_face_pose_body_suite.c,73,extern,rig_suite_version
32,32_rig_face_pose_body_suite.c,78,static,generate_body
32,32_rig_face_pose_body_suite.c,104,static,generate_face
32,32_rig_face_pose_body_suite.c,148,static,generate_ng
32,32_rig_face_pose_body_suite.c,197,static,generate_v2_pack
32,32_rig_face_pose_body_suite.c,267,static,generate_renderer
32,32_rig_face_pose_body_suite.c,289,extern,rig_suite_generate
32,32_rig_face_pose_body_suite.c,321,extern,rig_suite_selftest
33,33_rig_face_pose_body_main.c,19,static,usage
33,33_rig_face_pose_body_main.c,32,static,write_text
33,33_rig_face_pose_body_main.c,40,extern,main
